AFF_NOS,Birth_DATE,ASSETS,email,GENDER,Aadhar_Card_Nos,Category,Contact_Nos.,LS,,
S282-41,09-Apr-19,Rs 1644146079,jagent15@com.com,M,9341-1767-4856-2827,SC,9932218104,0,,
S282-42,16-Nov-18,Rs 6479452242,mtant16@gnu.org,M,4464-1973-2019-5510,,9905200840,0,,
S282-43,07-Jul-19,Rs 8866238598,scongreave17@google.com,M,3792-4578-3271-8889,,9901694566,0,,
S282-44,24-Sep-19,Rs 9600891493,fpharoah18@quantcast.com,M,7952-5971-0392-2073,,9918614092,0,,
S282-45,11-Apr-18,Rs 6657402824,mstiven19@canalblog.com,M,3967-9787-2360-3195,,9990528157,0,,
S282-46,12-Nov-18,Rs 6027364671,jbodemeaid1a@google.com.au,M,7841-9012-6098-2611,,9911072659,0,,
S282-47,19-Jan-19,Rs 6651269103,cwill1b@bizjournals.com,M,4190-5911-1552-2971,,9985250931,0,,
S282-48,20-Jun-18,Rs 1265126930,amacavaddy1c@vimeo.com,M,2847-3172-3318-2848,,9911311166,0,,
S282-49,11-Jun-18,Rs 3029880323,lpoyntz1d@techcrunch.com,M,7194-2044-7977-5150,,9923733395,0,,
S282-50,28-May-18,Rs 8870074275,fbilovus1e@disqus.com,M,4257-9382-7377-4478,,9946040549,0,,
S282-51,25-Nov-19,Rs 4681650443,bcollman1f@yahoo.co.jp,M,2011-5989-5109-7059,,9917079020,0,,
S282-52,14-Dec-18,Rs 6011753652,mlambersen1g@mac.com,M,5878-8624-5465-6061,,9924481884,0,,
S282-53,26-Jan-19,Rs 6361304674,rblackhurst1h@soup.io,M,1989-8969-5428-3331,,9988237988,0,,
S282-54,28-Nov-18,Rs 1973265776,awakely1i@1und1.de,M,1291-2275-1921-0219,,9994113406,0,,
S282-55,07-Sep-19,Rs 2241101247,mwellfare1j@dion.ne.jp,M,3348-5297-8492-6459,,9957718164,0,,
S282-56,12-Jan-18,Rs 5605488500,otoderbrugge1k@about.com,F,9817-1484-7944-3341,SC,9960803280,0,,
S282-57,02-Mar-18,Rs 4245787764,crippen1l@hp.com,M,3374-2348-9719-7750,,9967663226,0,,
S282-58,10-Apr-19,Rs 3556180104,skilrow1m@cbc.ca,M,3031-9382-8472-9372,,9934644687,0,,
S282-59,22-Apr-18,Rs 4519323147,cpincott1n@seesaa.net,M,9401-3105-9213-5187,,9971105678,0,,
S282-60,20-Jan-18,Rs 1254518128,sbrabben1o@sciencedirect.com,M,2132-7046-7317-3071,,9959528478,0,,
S282-61,19-Oct-18,Rs 5871620142,bmartinolli1p@accuweather.com,M,5068-6012-1683-9146,,9968635661,0,,
S282-62,09-Sep-18,Rs 87288972,khintze1q@soup.io,M,5230-0234-9105-3858,,9991422472,0,,
S282-63,09-Oct-18,Rs 7365335164,awakely1r@fema.gov,M,7619-3632-5879-0244,,9934938808,0,,
S282-64,02-Dec-18,Rs 3000603316,wbrunroth1s@youku.com,M,7086-2752-9768-1903,SC,9921152013,0,,
S282-65,10-Apr-19,Rs 8847050967,sricharz1t@nba.com,M,9430-5629-2664-7892,,9923696807,0,,
S282-66,19-Jan-18,Rs 4449178788,lcotton1u@yahoo.com,M,5229-2238-7845-1632,SC,9943126471,0,,
S282-67,13-Aug-19,Rs 2579244549,ajonin1v@hhs.gov,M,3247-1446-0810-6791,SC,9994752063,0,,
S282-68,13-Dec-18,Rs 5029585232,pbarajas1w@discuz.net,M,2880-6782-5545-6173,,9949069823,0,,
S282-69,28-Jan-19,Rs 78692408,mgunbie1x@sina.com.cn,M,8196-4694-8549-6540,Y,9926335833,0,,
S282-70,16-Aug-19,Rs 4899425391,cchallenor1y@topsy.com,F,9571-6222-7948-5479,SC,9992324415,0,,
S282-71,14-Dec-19,Rs 2079905797,rcumpton1z@mapy.cz,F,4643-6429-4535-5830,,9973967503,0,,
S282-72,17-Jun-19,Rs 2395077864,cnestor20@blogger.com,M,2011-9066-8109-4917,,9989213803,0,,
S282-73,15-Sep-19,Rs 0562796502,chaxbie21@newyorker.com,M,0457-3744-2923-4408,,9903712707,0,,
S282-74,17-Jul-18,Rs 4022937057,arogge22@blogger.com,M,1612-1031-2306-5378,,9916620120,0,,
S282-75,29-Oct-18,Rs 5824475764,lfeldberger23@dion.ne.jp,M,1415-6787-2269-3807,SC,9965173171,0,,
S282-76,03-Dec-19,Rs 2881370738,sfurst24@networksolutions.com,M,4520-5093-0564-8631,SC,9932508116,0,,
S282-77,02-Jun-18,Rs 0833924314,lsayle25@google.fr,F,2901-9153-0074-8225,,9952693811,0,,
S282-78,10-Nov-19,Rs 5808943217,gochterlonie26@topsy.com,M,0876-4652-4359-3779,,9980793256,0,,
S292-0,12-Nov-18,Rs 7268124605,skilgour27@github.com,M,5117-5326-7329-5856,,9926496766,0,,
S292-1,31-Oct-19,Rs 5144612563,gtimmes28@prweb.com,M,0711-2829-4708-5075,,9901630519,0,,
S292-2,18-Apr-18,Rs 6878723549,iduck29@twitpic.com,M,1035-3893-5924-3592,,9924208508,0,,
S292-3,09-Nov-19,Rs 6180660764,tverrill2a@bloglines.com,F,2098-1392-7840-1270,SC,9998427692,0,,
S292-4,26-May-18,Rs 0883969821,vmacfaell2b@amazonaws.com,M,3018-0927-6124-9156,,9958086383,0,,
S292-5,22-May-18,Rs 9937535047,asleath2c@simplemachines.org,M,0366-5840-0210-7463,,9962812064,0,,
S292-6,27-Jun-19,Rs 6685689971,dtilt2d@netvibes.com,M,4361-3667-0385-6244,SC,9935250009,0,,
S292-7,15-Aug-18,Rs 8218802768,hpughe2e@furl.net,M,3837-0706-5831-1496,SC,9997490268,0,,
S292-8,04-Dec-18,Rs 9687730202,ccardwell2f@github.io,F,1707-5123-9146-5777,,9938412711,0,,
S292-9,24-Jan-19,Rs 6168929573,eyousef2g@virginia.edu,F,3602-6712-5486-3102,SC,9928435807,0,,
S292-10,19-Oct-19,Rs 4720334128,flangdale2h@surveymonkey.com,F,4037-7400-1332-0641,,9906165167,0,,
S292-11,06-Mar-19,Rs 4975731037,mohickey2i@mlb.com,M,3806-5228-3730-0837,SC,9910956521,0,,
S292-12,26-Aug-18,Rs 4812274126,abrantl2j@multiply.com,M,8724-3454-5259-8638,,9937541176,0,,
S292-13,10-Mar-18,Rs 5316937541,jridler2k@redcross.org,M,3963-1329-9098-1537,SC,9933644800,0,,
S292-14,11-Jan-18,Rs 231373568,lmouget2l@virginia.edu,M,3658-5120-4448-8418,SC,9944128700,0,,
S292-15,19-May-19,Rs 7299279467,jfaye2m@multiply.com,M,5111-6866-7735-5771,,9932588326,0,,
S292-16,26-Nov-19,Rs 3845556344,hwaples2n@technorati.com,M,6250-7916-9379-0115,SC,9904742750,0,,
S292-17,27-May-18,Rs 7492789354,knoteyoung2o@meetup.com,M,3229-8372-6755-7353,,9919767694,0,,
S292-18,02-May-18,Rs 8858320395,bbiggs2p@virginia.edu,F,6814-9906-0447-7109,,9926917905,0,,
S292-19,26-Nov-18,Rs 9453809879,tokenfold2q@printfriendly.com,M,8758-5825-7079-4057,,9965862080,0,,
S292-20,12-Apr-18,Rs 3807893917,kbuttler2r@google.com.au,M,4525-2894-9924-6351,,9927798297,0,,
S292-21,08-Oct-18,Rs 315678094,lcosterd2s@joomla.org,M,1295-3401-4472-0605,,9988079899,0,,
S292-22,28-Sep-18,Rs 2533294406,dlarvin2t@forbes.com,M,2176-5798-8469-9799,,9991192875,0,,
S292-23,25-Apr-19,Rs 4590991340,wtooher2u@apple.com,M,7304-6998-0281-1054,SC,9954816949,0,,
S292-24,07-Jun-18,Rs 0484043933,acosans2v@wikispaces.com,M,5077-8708-4385-8451,,9962098040,0,,
S292-25,21-Dec-18,Rs 1671188659,jmapother2w@nature.com,M,5232-8821-7500-6969,,9992872500,0,,
S292-26,03-Jul-19,Rs 9150865164,ebodley2x@sina.com.cn,M,4450-0325-9827-5123,,9915609074,0,,
S292-27,03-May-19,Rs 3242550554,plineen2y@apache.org,F,7714-3307-1864-7975,SC,9953284475,0,,
S292-28,10-Sep-18,Rs 1347018652,agreader2z@skyrock.com,M,3182-8675-2846-0278,,9908745763,0,,
S292-29,22-Jul-19,Rs 9068925909,talliberton30@senate.gov,F,2479-0519-9902-5500,SC,9916131353,0,,
S292-30,08-Aug-18,Rs 8318578748,bpercifull31@last.fm,M,3252-3057-7845-8246,,9978369620,0,,
S292-31,15-Apr-19,Rs 373163192,dpallas32@mapquest.com,M,4800-3061-2859-6001,,9949633330,0,,
S292-32,22-Aug-19,Rs 8100317493,hasser33@marketwatch.com,M,0119-1615-3784-9881,,9973308189,0,,
S292-33,13-Jul-19,Rs 7582163439,tdowsing34@blogger.com,M,2600-0132-0207-9050,SC,9917645391,0,,
S292-34,19-May-18,Rs 7735167184,hghiotto35@gov.uk,M,8402-7350-2407-2945,SC,9926644885,0,,
S292-35,13-Jan-19,Rs 3726011993,acreeghan36@addtoany.com,M,8485-4417-1523-2680,SC,9929879774,0,,
S292-36,19-Dec-18,Rs 1809495730,kdiruggero37@t-online.de,M,3778-2413-3504-7435,,9937564686,0,,
S292-37,28-Jan-19,Rs 3481136432,kwinspeare38@alexa.com,M,6675-3553-4046-3617,SC,9968227823,0,,
S292-38,06-Jan-18,Rs 9177481851,jpyper39@discovery.com,F,3032-9520-9934-5979,,9996630120,0,,
S292-39,16-Jun-19,Rs 5888136926,lrodder3a@vistaprint.com,M,0800-3070-2215-6963,,9911200679,0,,
S292-40,03-Oct-19,Rs 7202204292,dhothersall3b@facebook.com,M,5919-8010-1578-2256,,9971121108,0,,
S272-0,04-Nov-19,Rs 8295022379,aphippen4l@printfriendly.com,M,9040-3479-4319-9025,,9974219293,0,,
S272-1,12-Feb-18,Rs 9758691199,kcorkel4m@wordpress.org,F,4395-9015-2865-0325,,9990359243,0,,
S272-2,11-Aug-19,Rs 0185721581,ccurman4n@yellowbook.com,M,6088-4448-9582-1402,SC,9922859024,0,,
S272-3,02-Aug-18,Rs 8847401674,ldrance4o@webnode.com,M,4420-3467-6866-5873,SC,9945196650,0,,
S272-4,22-Apr-18,Rs 5993989696,wswateridge4p@bloglines.com,M,8303-0033-7037-7344,,9945247393,0,,
S272-5,12-Nov-18,Rs 0170316795,knewbury4q@typepad.com,M,2044-8964-1019-4452,,9930817692,0,,
S272-6,03-Apr-18,Rs 3005923372,afasset4r@craigslist.org,M,5956-2875-6039-4359,SC,9917600120,0,,
S272-7,20-Jun-19,Rs 4670453962,dmazella4s@prlog.org,M,2963-9901-5663-2262,,9919925192,0,,
S272-8,08-May-19,Rs 4060254209,mbarus4t@columbia.edu,M,8067-7018-5054-1407,,9913783534,0,,
S272-9,16-Dec-18,Rs 4311504027,codowd4u@bloomberg.com,M,6471-4752-9359-0544,,9980699428,0,,
S272-10,06-Mar-19,Rs 0725513645,jhaddinton4v@economist.com,M,8369-4072-4645-0081,SC,9987253171,0,,
S272-11,28-Mar-19,Rs 6434369996,mneeson4w@hatena.ne.jp,M,0342-4353-7668-6236,SC,9942627761,0,,
S272-12,22-Jul-18,Rs 0129100075,lmarquis4x@europa.eu,M,3570-2844-1442-2610,,9943227917,0,,
S272-13,28-Oct-18,Rs 6877623050,hbrearty4y@clickbank.net,M,9142-2096-2929-1793,,9909379511,0,,
S272-14,21-Mar-18,Rs 7459278995,pcudd4z@vistaprint.com,M,0413-6008-2879-2218,ST,9943490958,0,,
S272-15,30-Apr-18,Rs 0263632210,kdevillier50@tripadvisor.com,M,2380-1739-0520-7827,,9988515156,0,,
S272-16,24-May-18,Rs 5812664942,lpietruszka51@free.fr,M,9443-6210-0041-2138,,9982109786,0,,
S272-17,27-Jan-19,Rs 0421667430,tmaddison52@merriam-webster.com,M,3345-5817-2304-9441,SC,9992797076,0,,
S272-18,13-Nov-19,Rs 7967211433,ayurkin53@phpbb.com,M,3569-3238-0180-8023,,9961219216,0,,
S272-19,03-Feb-18,Rs 5875418975,sbeaford54@loc.gov,M,6483-7829-9671-1700,SC,9930821079,0,,
S272-20,10-Apr-19,Rs 7330782452,tbalharry55@wisc.edu,M,2271-7926-5331-4768,,9977712622,0,,
S272-21,27-Feb-18,Rs 7285055514,jvilla56@ucoz.com,M,7442-2984-5378-9154,,9956316136,0,,
S272-22,12-Oct-19,Rs 9329171764,ldrinkhill57@acquirethisname.com,M,1432-0844-0836-2086,,9980698856,0,,
S272-23,26-Nov-18,Rs 4921360270,tcatley58@4shared.com,M,1812-1793-2658-7356,,9927664034,0,,
S272-24,01-Jul-18,Rs 4800171847,lallwell59@vk.com,M,5706-4063-8459-1943,,9920650876,0,,
S272-25,18-Apr-19,Rs 5696793086,druggen5a@dedecms.com,M,3525-5340-2566-1268,,9941071834,0,,
S272-26,25-May-18,Rs 0840140766,lmcpike5b@lulu.com,M,0016-8103-5159-6129,,9920859429,0,,
S272-27,24-Feb-19,Rs 5343813853,cmccleod5c@ebay.co.uk,F,5547-2195-5991-9727,,9985801035,0,,
S272-28,14-Jan-18,Rs 1497203930,nfearenside5d@symantec.com,F,7659-4129-8954-8637,,9978084829,0,,
S272-29,14-Jan-18,Rs 5274990393,bfurzey5e@stumbleupon.com,M,3859-1563-0847-8061,,9939330815,0,,
S272-30,22-May-18,Rs 3439704284,lhyder5f@xing.com,M,9217-7174-0170-5944,,9900341523,0,,
S272-31,16-Jun-19,Rs 0983950614,yridge5g@dot.gov,M,6309-6792-0265-4483,,9981840834,0,SC,SC
S272-32,26-May-19,Rs 4111356049,npower5h@mlb.com,M,9544-0919-9432-5328,,9983354378,0,,
S272-33,18-Nov-19,Rs 1624613987,mandre5i@nba.com,M,8355-7245-4976-9981,,9917428490,0,,
S272-34,08-Sep-19,Rs 3036143126,mbevan5j@google.com.hk,M,0674-8346-1026-9213,,9935387498,0,,
S272-35,17-Sep-19,Rs 3128322324,pcrilly5k@wordpress.org,M,0875-7597-0877-2808,,9968138251,0,,
S272-36,01-Nov-18,Rs 0532510255,cpeyton5l@java.com,M,8519-8009-5544-7063,,9950944243,0,,
S272-37,25-Sep-18,Rs 8355141937,furvoy5m@about.me,M,3618-4001-2780-3208,,9966160354,0,,
S272-38,06-Feb-18,Rs 3194799512,gmapam5n@omniture.com,M,7481-4648-2376-0172,,9977044911,0,,
S272-39,22-Apr-18,Rs 8997476230,lhansman5o@youtube.com,M,2956-3642-8404-5690,,9996176377,0,,
S272-40,21-Apr-19,Rs 5140233079,dportis5p@ycombinator.com,M,5970-5048-9806-2389,,9920737730,0,,
T161001,09-Feb-19,Rs 1310067765,mmilner6m@slashdot.org,M,9461-6089-7413-1330,,9998753253,1,,
T171001,28-Jul-18,Rs 9265415461,rdark6n@amazon.de,F,3569-0629-2530-3833,,9948229344,1,,
T161002,03-Sep-19,Rs 2831421088,dclines6o@lulu.com,M,8483-6172-0274-8469,,9950968789,1,,
T171002,18-Nov-18,Rs 2937066020,rtodaro6p@zimbio.com,M,5579-5806-5111-3161,,9963705838,1,,
T161003,04-Dec-19,Rs 8258187766,zmacgillreich6q@whitehouse.gov,M,7209-7144-4719-3205,,9988519598,1,,
T171003,27-Jul-18,Rs 7473363547,inobes6r@cargocollective.com,M,9750-3713-1660-1690,,9936832437,1,,
T161004,21-Sep-19,Rs 9631335540,skibby6s@dell.com,M,9893-8974-4717-4141,,9980829155,1,,
T171004,10-Oct-18,Rs 9082711903,bkuschel6t@google.de,M,8119-4690-3282-5398,,9935240353,1,,
T161005,28-Feb-18,Rs 53800,jogilby6u@independent.co.uk,M,3312-2614-6002-0424,,9982443169,1,,
T171005,28-Feb-18,Rs 1321107934,jogilby6u@independent.co.uk,M,3312-2614-6002-0424,,9982443169,1,,
T161006,02-Dec-18,Rs 2682236876,sbell6w@sciencedaily.com,M,1181-4884-6219-7266,,9997633710,1,,
T171006,21-Mar-19,Rs 0642163034,aselliman6x@1688.com,M,6681-4117-0995-8484,,9922164133,1,,
T161007,07-Nov-19,Rs 9359789447,episcotti6y@hatena.ne.jp,F,4683-3757-1448-5964,,9902871990,1,,
T171007,07-Nov-19,Rs 89447,episcotti6y@hatena.ne.jp,M,4683-3757-1448-5964,,9902871990,1,,
T161008,27-Dec-18,Rs 3690931408,mgasker70@wufoo.com,F,8676-8426-5421-2971,,9949185814,1,,
T171008,27-Dec-18,Rs 31408,mgasker70@wufoo.com,M,8676-8426-5421-2971,,9949185814,1,,
T161009,09-Jul-18,Rs 8630365897,ksmouten72@wordpress.org,F,7118-0304-7443-0357,,9969989136,1,,
T171009,31-Aug-19,Rs 9479104393,cwetherby73@theglobeandmail.com,M,8224-4347-1433-6117,,9953439786,1,,
T161010,24-Jun-18,Rs 1251340301,nsanter74@ucoz.ru,M,4228-1370-8017-0105,,9987820799,1,,
T171010,27-Apr-18,Rs 6578265348,ablemings75@livejournal.com,M,9898-7725-9003-5037,,9947098615,1,,
T161011,01-Sep-19,Rs 6399615276,glacroix76@mysql.com,M,4060-1437-5317-1114,,9901967020,1,,
T171011,01-Sep-19,Rs 9615276,glacroix76@mysql.com,M,4060-1437-5317-1114,,9901967020,1,,
T161012,26-Jul-18,Rs 3012985122,kbambrugh78@nih.gov,M,8101-1486-5110-6265,,9913834721,1,,
T171012,31-Aug-18,Rs 0069688555,ipudner79@bloglovin.com,M,5274-7244-8239-6311,,9917758700,1,,
T161013,03-May-18,Rs 4100738178,gdechelette7a@multiply.com,M,4325-7629-7861-7470,,9921846718,1,,
T171013,23-Feb-19,Rs 6746893313,ibruinemann7b@toplist.cz,M,7253-9755-4933-4553,,9930852960,1,,
T161014,05-Mar-19,Rs 3810142194,fbizzey7c@dailymotion.com,M,7369-1603-6187-3661,,9988190552,1,,
T171014,05-Mar-19,Rs 142194,fbizzey7c@dailymotion.com,F,7369-1603-6187-3661,,9988190552,1,,
T161015,14-Feb-19,Rs 3184993395,ebrodley7e@cam.ac.uk,F,4474-1885-0804-8177,,9933924277,1,,
T171015,04-Apr-19,Rs 1995482448,rmateos7f@ucoz.ru,M,0762-1311-2039-9060,,9987634686,1,,
T161016,26-Sep-18,Rs 7966403784,dcerie7g@deliciousdays.com,M,9113-7883-7630-3556,,9908943266,1,,
T171016,08-Oct-18,Rs 7178509284,weasen7h@paypal.com,M,8321-2515-5368-1531,,9942311125,1,,
T161017,25-Apr-18,Rs 9012102321,cbootyman7i@squarespace.com,M,9910-5532-3955-8048,,9983268543,1,,
T171017,25-Apr-18,Rs 90121,cbootyman7i@squarespace.com,F,9910-5532-3955-8048,,9983268543,1,,
T161018,27-May-18,Rs 4400768751,mfilintsev7k@japanpost.jp,M,0291-0175-6776-4356,,9983081764,1,,
T171018,04-Feb-19,Rs 3072494309,kstanyon7l@angelfire.com,M,6416-1328-0130-9419,,9948231700,1,,
T161019,19-Apr-19,Rs 0381447464,eespada7m@jugem.jp,F,1199-5298-0973-7051,,9927930814,1,,
T171019,06-Jun-18,Rs 2484277885,lpremble7n@ask.com,M,9248-8974-2862-3243,,9942515353,1,,
T161020,03-May-18,Rs 9715220558,cbithell7o@sbwire.com,F,1221-8160-8491-1570,,9968598924,1,,
T171020,19-Dec-19,Rs 1950808445,rpenhaleurack7p@wix.com,M,7526-3750-4671-4349,,9989305316,1,,
T161021,09-Jun-19,Rs 4074153379,rhebbs7q@elpais.com,M,9828-6811-3090-0042,,9917706997,1,,
T171021,09-Jun-19,Rs 4074153379,rhebbs7q@elpais.com,M,9828-6811-3090-0042,,9917706997,1,,
T161022,15-Jun-18,Rs 9733012256,bkane7s@statcounter.com,M,2214-2464-5400-6280,,9917479074,1,,
T171022,08-May-19,Rs 8753786096,mwiltsher7t@unblog.fr,M,4302-8545-1770-8422,,9955327829,1,,
T161023,04-Nov-19,Rs 2780352508,linstrell7u@amazon.com,M,9527-6013-4727-5838,,9943042114,1,,
T171023,10-Aug-19,Rs 5908138919,iransome7v@icio.us,M,8968-9486-0699-4122,,9986850904,1,,
T161024,06-Feb-18,Rs 3221608977,apennicott7w@youku.com,M,4099-6567-7896-7547,,9995432538,1,,
T171024,09-Mar-19,Rs 6611332510,nackrill7x@oracle.com,F,4561-7506-2964-7951,,9954319527,1,,
T161025,23-Nov-18,Rs 9305440334,hverchambre7y@liveinternet.ru,M,5890-7540-2736-5460,,9993474076,1,,
T171025,21-Aug-18,Rs 1774760436,bbarosch7z@google.ru,M,0555-6939-2597-7802,,9967036800,1,,
T161026,20-Aug-18,Rs 5363211670,gmedwell80@storify.com,M,1393-0239-1257-2088,,9968648892,1,,
T171026,25-Jun-19,Rs 9773152334,jgilloran81@edublogs.org,M,9762-6878-5821-2269,,9951457154,1,,
T161027,20-Oct-18,Rs 1442248537,mconew82@topsy.com,M,1459-4458-9618-3555,,9946038322,1,,
T171027,13-Sep-19,Rs 8989040232,mmoland83@springer.com,M,2905-3741-6490-8663,,9908088537,1,,
T161028,17-Apr-18,Rs 6376173692,aabrami84@ovh.net,M,1566-3044-3939-8158,,9982495456,1,,
T171028,20-Nov-18,Rs 4787702033,ckumar85@nps.gov,M,7932-5249-0934-1550,,9945674927,1,,
T171029,13-May-18,Rs 5806549791,afortin86@i2i.jp,M,1169-5996-9450-9203,,9971500941,1,,
T161029,24-Dec-19,Rs 4505052013,ljanney87@npr.org,M,3667-4959-9606-5237,,9999475278,1,,
T161030,13-Oct-19,Rs 5189961715,mmcgiffin88@hexun.com,M,7655-8306-7175-3879,,9927213452,1,,
T171030,13-Oct-19,Rs 5189961715,mmcgiffin88@hexun.com,F,7655-8306-7175-3879,,9927213452,1,,
T161031,05-Jun-19,Rs 7735736906,asheldon8a@examiner.com,F,6424-4897-3436-1800,,9994744387,1,,
T171031,19-Jun-18,Rs 9995646504,rdelgaty8b@wp.com,M,9031-0036-9708-7792,,9966511642,1,,
T161032,24-Oct-19,Rs 4128228761,splacido8c@ucoz.ru,M,4031-5808-1215-0642,,9957846644,1,,
T171032,24-Oct-19,Rs 4128228761,splacido8c@ucoz.ru,M,4031-5808-1215-0642,,9957846644,1,,
T161033,03-Apr-19,Rs 6670049629,amayfield8e@lulu.com,M,4399-6420-3099-5689,,9987370851,1,,
T171033,12-Jul-19,Rs 3067083588,ewallis8f@arizona.edu,M,9055-4432-6987-8521,,9942582342,1,,
T161034,10-Dec-18,Rs 5199365756,dwoodthorpe8g@webs.com,F,7108-8994-5456-9371,,9961515716,1,,
T171034,10-Mar-18,Rs 8369754680,bdronsfield8h@ft.com,M,7210-8837-8017-8065,,9937936298,1,,
T161035,10-May-18,Rs 0636978993,uspinley8i@sina.com.cn,F,1249-6497-3108-4574,,9979098751,1,,
T171035,19-Aug-19,Rs 3555520100,striebner8j@bizjournals.com,M,2073-7950-2319-8200,,9983315994,1,,
T161036,23-Oct-19,Rs 2274089078,dtryme8k@oakley.com,M,8634-5435-8983-1472,,9966660585,1,,
T171036,06-Aug-18,Rs 0324710074,dstubbings8l@is.gd,M,8060-5552-3110-1466,,9938381020,1,,
T161037,02-Aug-18,Rs 4641081381,abartholat8m@wisc.edu,M,5011-2761-6060-6146,,9905431973,1,,
T171037,17-Jan-19,Rs 4396232632,jbaxstar8n@tinypic.com,M,0351-4595-3825-2635,,9937909960,1,,
T161038,15-May-19,Rs 3982831764,cscocroft8o@state.gov,M,2643-3579-6386-6239,,9968325458,1,,
T171038,22-May-19,Rs 7819547262,astilgo8p@dmoz.org,M,1784-3349-1767-6229,,9998670446,1,,
T161039,22-Jan-18,Rs 6209460961,giltchev8q@facebook.com,M,9147-9080-5237-1908,,9994355012,1,,
T171039,22-Oct-18,Rs 3249431972,lschimaschke8r@elegantthemes.com,M,1059-2502-8975-7252,,9910414546,1,,
T161040,16-Mar-19,Rs 1551968214,lhake8s@bigcartel.com,M,1897-9913-9705-5601,,9949986617,1,,
T171040,28-Jul-19,Rs 2890014209,mtitmuss8t@seesaa.net,M,2113-8127-0608-5328,,9931968363,1,,
T161041,17-Mar-18,Rs 8730892076,bchampkin8u@comcast.net,M,5877-7024-0258-9044,,9938281644,1,,
T171041,06-Oct-18,Rs 0824742635,dbebb8v@abc.net.au,M,4762-4591-1532-5076,,9919938246,1,,
T161042,07-Oct-18,Rs 4701363115,cbeardsall8w@netscape.com,M,2148-9864-6640-8104,,9971709281,1,,
T161042,31-Oct-18,Rs 9344358887,ckinsman8x@booking.com,F,7646-4761-9078-8058,,9932875697,1,,
T171043,07-Oct-18,Rs 4701363115,cbeardsall8w@netscape.com,M,2148-9864-6640-8104,,9971709281,1,,
T171043,26-Feb-18,Rs 9876774678,faykroyd8z@techcrunch.com,M,8935-3276-3434-4402,,9966845256,1,,
T161044,16-Aug-18,Rs 2785253371,sfuxman90@google.com.hk,M,0368-5618-1049-5153,,9931298608,1,,
T171044,04-May-19,Rs 9004973666,btunney91@google.cn,M,3541-8560-1348-8461,,9949307737,1,,
T161045,13-Jul-18,Rs 7126638284,fattaway92@hhs.gov,M,0117-2108-3180-0684,,9961603123,1,,
T171045,07-Jul-18,Rs 3502519066,jraysdale93@ocn.ne.jp,M,0315-1251-8716-7270,,9924204003,1,,
T161046,18-Aug-18,Rs 2518387301,kabbitt94@xing.com,M,3494-0450-9577-5391,,9911737799,1,,
T171046,23-Aug-19,Rs 2405051882,clongstreet95@tiny.cc,M,1371-7468-2307-1345,,9964002835,1,,
T161047,24-Nov-18,Rs 1321586215,hmulgrew96@hc360.com,M,0052-0681-5417-5622,,9942869715,1,,
T171047,24-Nov-18,Rs 1321586215000,hmulgrew96@hc360.com,M,0052-0681-5417-5622,,9942869715,1,,
T161048,06-Jan-18,Rs 8375902358,mfeeney98@cdbaby.com,M,7355-6023-2960-1501,,9983221886,1,,
T171048,06-Jan-18,Rs 8375902358,mfeeney98@cdbaby.com,M,7355-6023-2960-1501,,9983221886,1,,
T161049,13-Sep-18,Rs 666709,rdibernardo9a@behance.net,M,1072-3458-7525-2661,,9941358557,1,,
T171049,13-Sep-18,Rs 4230666709,rdibernardo9a@behance.net,M,1072-3458-7525-2661,,9941358557,1,,
T161050,18-Jun-18,Rs 9444672863,rparadine9c@facebook.com,F,8799-7263-6171-1605,,9964368818,1,,
T171050,17-Nov-18,Rs 6671053033,hchesson9d@shinystat.com,M,5875-1649-6998-8575,,9931869779,1,,
T161051,01-Jul-18,Rs 9027026455,zacott9e@exblog.jp,M,2179-0524-4619-1940,,9927501250,1,,
T171051,08-Aug-19,Rs 8291358262,asinisbury9f@narod.ru,M,1424-8863-3463-6054,,9989838949,1,,
T161052,13-Nov-18,Rs 8059150180,oorman9g@toplist.cz,M,3481-5308-6072-7342,,9917215379,1,,
T171052,27-Jun-18,Rs 3405860948,idupree9h@go.com,M,9705-1202-0241-5464,,9936842658,1,,
T161053,12-Jul-19,Rs 4368468661,abetterton9i@creativecommons.org,M,3753-7277-9660-2712,,9964860695,1,,
T171053,05-Jan-18,Rs 2702777333,bcogle9j@bluehost.com,M,0304-3861-1008-6550,,9948920407,1,,
T161054,29-Dec-18,Rs 3147955513,nsole9k@soup.io,M,7149-5540-5719-0244,,9912386573,1,,
T171054,13-Oct-18,Rs 7970492071,rroiz9l@psu.edu,M,4904-4994-7967-5481,,9993532089,1,,
T161055,16-Mar-18,Rs 1168996614,ejentin9m@wired.com,M,3768-6790-6668-8732,,9970578573,1,,
T171055,11-Nov-18,Rs 3050311707,cphilott9n@theatlantic.com,M,0550-9642-0051-6723,,9900560047,1,,
T161056,04-Dec-18,Rs 1060588939,opeagram9o@domainmarket.com,M,2711-3772-8542-2128,,9972142488,1,,
T171056,28-May-19,Rs 1674572280,gsmitheman9p@google.pl,M,4517-1344-4446-6141,,9958234393,1,,
T161057,19-Dec-19,Rs 8166324854,akinnon9q@nasa.gov,M,2900-7108-9014-7569,,9953668172,1,,
T171057,19-Dec-19,Rs 8166324854,akinnon9q@nasa.gov,M,2900-7108-9014-7569,,9953668172,1,,
T161058,22-May-18,Rs 8846922672,adorling9s@census.gov,M,5311-8882-6455-9985,,9994360275,1,,
T171058,22-May-18,Rs 8846922672,adorling9s@census.gov,M,5311-8882-6455-9985,,9994360275,1,,
T161059,21-May-18,Rs 6967059378,nkinnard9u@usa.gov,M,1610-0988-5395-7142,,9938614229,1,,
T171059,21-May-18,Rs 6967059378,nkinnard9u@usa.gov,M,1610-0988-5395-7142,,9938614229,1,,
T161060,19-Nov-18,Rs 3835027030,cbennetts9w@google.com.br,M,3724-1174-7069-3838,,9904284739,1,,
T171060,05-Apr-18,Rs 3806250150,tdupree9x@livejournal.com,M,5069-4983-8944-4586,,9995663903,1,,
T161061,08-Dec-18,Rs 1098288461,ccaps9y@xrea.com,M,3851-9589-1499-7786,,9967256124,1,,
T171061,21-Apr-19,Rs 6831161355,amilan9z@blog.com,F,6870-1704-3436-3024,,9939014206,1,,
T161062,26-Feb-18,Rs 2098267310,siacovuccia0@si.edu,M,5466-5850-6282-8655,,9956408488,1,,
T171062,02-May-19,Rs 0155330639,jcrosselanda1@wix.com,M,4042-9264-7480-0470,,9932758307,1,,
T161063,22-Jul-19,Rs 7471448285,lcoultousa2@gravatar.com,M,0728-9945-4969-3731,,9979615094,1,,
T171063,06-Dec-18,Rs 3520522760,bklimpta3@samsung.com,M,4250-2879-9531-2065,,9932485958,1,,
T161064,04-Jun-18,Rs 7518052094,mdalzella4@google.com.br,M,7043-4285-3296-8841,,9999528762,1,,
T171064,04-Jun-18,Rs 8052094,mdalzella4@google.com.br,M,7043-4285-3296-8841,,9999528762,1,,
T161065,24-Aug-18,Rs 1477097453,klowndesbrougha6@earthlink.net,M,7741-6436-2532-2134,,9905152148,1,,
T171065,14-Aug-19,Rs 7400881844,mbirkbecka7@telegraph.co.uk,M,0399-3542-7562-6658,,9969478037,1,,
T161066,17-May-19,Rs 4700833824,tbouslera8@apache.org,M,3499-5072-4263-9069,,9903508979,1,,
T171066,30-Jun-19,Rs 4862627146,rbriscowa9@hubpages.com,M,2143-6751-4476-7708,,9965902616,1,,
T161067,05-Sep-18,Rs 6593086530,rwisdomaa@hao123.com,M,4353-3270-5862-7109,,9972282146,1,,
T171067,01-Aug-18,Rs 2144167921,fgrigsab@nationalgeographic.com,M,2948-8331-3223-5062,,9901739144,1,,
T161068,18-Jan-19,Rs 2991266839,swaterhousac@simplemachines.org,M,5687-6898-9524-7345,,9943632064,1,,
T171068,18-Jan-19,Rs 2991266839,swaterhousac@simplemachines.org,F,5687-6898-9524-7345,,9943632064,1,,
T161069,11-Dec-18,Rs 8233118199,dlorenzettoae@boston.com,M,7948-1326-7861-3515,,9955066638,1,,
T171069,03-Feb-18,Rs 2419223627,breedmanaf@taobao.com,M,0263-9502-3545-6138,,9969721848,1,,
T161070,03-Feb-18,Rs 2419223627,breedmanaf@taobao.com,F,0263-9502-3545-6138,,9969721848,1,,
T171070,16-Apr-19,Rs 2203926990,gcopinah@google.nl,M,0968-0077-4912-9385,,9970443178,1,,
T161071,25-Dec-19,Rs 2179482983,gziemsai@behance.net,M,6705-6589-1589-4793,,9953132868,1,,
T161071,25-Jun-18,Rs 5363252742,rgeareaj@flavors.me,F,3315-5234-7825-4041,,9931459990,1,,
T171072,25-Jun-18,Rs 5363252742,rgeareaj@flavors.me,M,3315-5234-7825-4041,,9931459990,1,,
T161072,04-Aug-19,Rs 0476263932,dureyal@examiner.com,M,8791-5238-9817-4307,,9928494442,1,,
T171073,28-Feb-19,Rs 2871192890,srossantam@51.la,M,7024-9725-5711-7041,,9949039218,1,,
T161073,26-Apr-18,Rs 1224514009,mbrownellan@wsj.com,M,5927-6011-7997-3839,,9931133332,1,,
T171074,26-Apr-18,Rs 1224514009,mbrownellan@wsj.com,M,5927-6011-7997-3839,,9931133332,1,,
T161074,07-Feb-19,Rs 3556465942,vmethamap@china.com.cn,M,2360-5828-0926-8672,,9948275790,1,,
T171075,04-Oct-19,Rs 0267571678,tmassimoaq@pen.io,M,0369-7333-4083-8253,,9917567059,1,,
T161075,10-Aug-19,Rs 6721157985,randrissar@yellowbook.com,M,0703-1297-2395-0302,,9963827136,1,,
T171076,29-Aug-19,Rs 4034503642,gspittleas@usatoday.com,F,9251-4286-2750-1015,,9940516894,1,,
T161076,18-Jan-18,Rs 2636355174,mspanswickat@cmu.edu,M,6175-9975-3877-8021,,9950859463,1,,
T171077,18-Oct-19,Rs 3187074213,vboomeau@hao123.com,M,2156-2474-4556-7935,,9978466699,1,,
T161077,05-Jul-18,Rs 9065309771,rorromav@bravesites.com,M,7278-5910-4561-5091,,9939947051,1,,
T171078,09-Jul-19,Rs 1641798031,adalbyaw@amazonaws.com,F,2520-1800-4329-7336,,9942534448,1,,
T161078,29-Mar-18,Rs 5111904960,scleworthax@github.io,M,5556-0877-3048-4574,,9995552812,1,,
T171079,18-Jan-18,Rs 8280287338,calbisseray@angelfire.com,M,0823-3070-6082-2061,,9933817583,1,,
T161079,19-Oct-19,Rs 2298273231,ahapkeaz@symantec.com,M,2717-3441-0019-1622,,9901585166,1,,
T171080,30-May-18,Rs 7603255328,mbolamb0@sourceforge.net,M,4937-9005-2599-7444,,9970309463,1,,
T161080,19-Oct-19,Rs 2849470950,gbrimnerb1@networksolutions.com,M,1037-6631-0788-4392,,9988088671,1,,
T171081,19-Oct-19,Rs 2849470950,gbrimnerb1@networksolutions.com,M,1037-6631-0788-4392,,9988088671,1,,
T161081,01-Apr-19,Rs 4951000167,rduplainb3@wunderground.com,F,8208-7157-1026-5054,,9958995981,1,,
T171082,20-May-18,Rs 0946513120,pisseleeb4@ft.com,M,6183-1504-8398-9109,,9992673882,1,,
T161082,19-Oct-19,Rs 6025394686,htassellb5@hao123.com,M,2767-6314-4960-1697,,9943365465,1,,
T171083,23-Sep-19,Rs 4376710215,bnattrassb6@columbia.edu,M,2569-2275-0765-5563,,9982318351,1,,
T161083,21-Nov-19,Rs 6624877388,sgoodsalb7@squarespace.com,M,8946-4985-5738-7265,,9965893718,1,,
T171084,14-Nov-19,Rs 1523771077,vstockaub8@forbes.com,M,9267-2740-0231-0363,,9941720816,1,,
T161084,09-May-18,Rs 1792000200,gfoggob9@soup.io,M,8677-5147-1826-3538,,9988124455,1,,
T171085,09-May-18,Rs 1792000200,gfoggob9@soup.io,M,8677-5147-1826-3538,,9988124455,1,,
T161085,23-May-18,Rs 2266041407,bmccafferkybb@bizjournals.com,M,9169-6647-1151-2553,,9972172476,1,,
T171086,12-Jan-19,Rs 1390648876,smartinellobc@cnet.com,M,9953-0006-7519-2812,,9907370295,1,,
T161086,01-Jul-19,Rs 9278368089,abeagleholebd@economist.com,M,5885-6114-1281-5518,,9937428707,1,,
T171087,22-Jun-18,Rs 3636565286,cfitzpaynbe@cocolog-nifty.com,M,3681-0131-3638-3846,,9977194551,1,,
T161087,15-Sep-19,Rs 0118731188,blightbodybf@fda.gov,F,9489-1343-9115-8680,,9947787306,1,,
T171088,01-Aug-19,Rs 0237514083,kvernazzabg@istockphoto.com,M,6278-5815-5816-1753,,9915003235,1,,
T161088,12-Apr-18,Rs 6500534713,dromaynesbh@studiopress.com,M,2298-9876-0245-1094,,9911372793,1,,
T171089,12-Jul-19,Rs 5114475438,scoughlanbi@economist.com,M,2593-0120-5973-2379,,9975177453,1,,
T161089,23-Jan-19,Rs 7697124776,xsimobj@aol.com,M,2538-3882-8590-7149,,9955490079,1,,
T171090,06-Jan-18,Rs 6333731572,aserrellbk@japanpost.jp,M,3990-1679-0924-1825,,9965182492,1,,
T161090,16-Nov-18,Rs 2289232073,fdedmambl@chronoengine.com,M,6876-1900-8590-0858,,9982423077,1,,
T171091,23-May-19,Rs 5341178870,edabellbm@omniture.com,M,0103-6463-5581-1365,,9942765008,1,,
T161091,10-Jun-19,Rs 6623459286,ralecockbn@nsw.gov.au,M,9574-1513-3761-6018,,9931372071,1,,
T171092,02-Sep-19,Rs 8223863804,iclistbo@latimes.com,M,1188-9094-6724-7225,,9996605605,1,,
T161092,01-Jul-19,Rs 5015836753,cgareybp@biglobe.ne.jp,M,0851-0638-0291-5273,,9936870774,1,,
T171093,06-Aug-19,Rs 6700067953,bmcbeithbq@stumbleupon.com,M,1106-0158-6128-4232,,9989203930,1,,
T161093,14-Mar-18,Rs 1569967413,nalthropebr@sakura.ne.jp,F,2800-4644-2547-7228,,9988114748,1,,
T171094,14-Mar-18,Rs 1569967413,nalthropebr@sakura.ne.jp,M,2800-4644-2547-7228,,9988114748,1,,
T161094,31-Jan-18,Rs 8676541445,eamirandabt@wiley.com,M,6913-1788-1315-8283,,9961210841,1,,
T171095,31-Jan-18,Rs 8676541445,eamirandabt@wiley.com,M,6913-1788-1315-8283,,9961210841,1,,
T161095,17-Aug-19,Rs 5280445368,sberndtbv@pinterest.com,F,5709-6122-9893-3413,,9904426027,1,,
T171096,17-Aug-19,Rs 5280445368,sberndtbv@pinterest.com,M,5709-6122-9893-3413,,9904426027,1,,
T161096,08-Nov-18,Rs 6004812860,iotuohybx@spiegel.de,M,9223-5710-5802-5436,,9969662739,1,,
T171097,02-Apr-19,Rs 8199323653,gpresterby@cbc.ca,F,8801-4987-3950-5902,,9932193939,1,,
T161097,19-May-18,Rs 4703309842,drockallbz@huffingtonpost.com,M,3286-7515-0797-0198,,9912702529,1,,
T171098,06-Feb-18,Rs 1471444327,eabelsonc0@tripadvisor.com,M,2888-3666-3506-3039,,9959828560,1,,
T161098,11-Jan-18,Rs 5759152804,kbertotc1@samsung.com,M,5111-3626-9549-8838,,9962479346,1,,
T171099,20-Dec-18,Rs 6922708150,gavrahamofc2@acquirethisname.com,M,9816-8050-4737-7479,,9946924165,1,,
T161099,26-Dec-18,Rs 4048095081,gjaumetc3@ted.com,M,8978-1460-0173-6224,,9958723111,1,,
T171100,04-Dec-18,Rs 8282489002,jsellorsc4@theatlantic.com,M,9889-6418-2706-8650,,9961948723,1,,
T161100,04-Oct-19,Rs 7740860713,abeckittc5@chicagotribune.com,M,1032-9527-6885-0349,,9987139303,1,,
T171107,01-Nov-18,Rs 0532510255,cpeyton5l@java.com,M,8519-8009-5544-7063,,9950944243,1,,
T171109,25-Sep-18,Rs 8355141937,furvoy5m@about.me,M,3618-4001-2780-3208,,9966160354,1,,
T171110,06-Feb-18,Rs 3194799512,gmapam5n@omniture.com,M,7481-4648-2376-0172,,9977044911,1,,
T171111,22-Apr-18,Rs 8997476230,lhansman5o@youtube.com,M,2956-3642-8404-5690,,9996176377,1,,
T171112,21-Apr-19,Rs 5140233079,dportis5p@ycombinator.com,M,5970-5048-9806-2389,,9920737730,1,,
T141084,09-May-18,Rs 1792000200,gfoggob9@soup.io,M,8677-5147-1826-3538,,9988124455,1,,
T151085,09-May-18,Rs 1792000200,gfoggob9@soup.io,M,8677-5147-1826-3538,,9988124455,1,,
T141095,17-Aug-19,Rs 5280445368,sberndtbv@pinterest.com,M,5709-6122-9893-3413,,9904426027,1,,
T151096,17-Aug-19,Rs 5280445368,sberndtbv@pinterest.com,M,5709-6122-9893-3413,,9904426027,1,,
T141068,18-Jan-19,Rs 2991266839,swaterhousac@simplemachines.org,M,5687-6898-9524-7345,,9943632064,1,,
T151068,24-Aug-18,Rs 8291358262,,M,1234-5678-1235-1234,,9988124555,1,,
T171115,14-Aug-19,Rs 8059150180,,M,1234-5678-1236-1234,,9904426627,1,,
T161116,20-Dec-18,Rs 3405860948,,M,1234-5678-1237-1234,,9904426727,1,,
T161117,26-Dec-18,Rs 4368468661,,M,1234-5678-1238-1234,,,1,,
